STT;Tên sản phẩm;Thương hiệu;Loại danh mục;Số lượng;Hình ảnh;Tình trạng;Mô tả;Thông số kỹ thuật;Thông tin khác;Bảo hành;Phương thức thanh toán;Giá bán;Giá khuyến mãi;Điều kiện đổi trả;Giao hàng
1;Đồng Hồ Casio Nam MTP-1374L-1AVDF;Casio;Đồng hồ nam;45;https://cdn.tgdd.vn/Products/Images/7264/313967/casio-mtp-1374l-1avdf-nam-1-750x500.jpg;Hiển thị;"Đồng hồ nam Casio MTP-1374L-1AVDF được làm từ chất liệu cao cấp, dây da thật màu đen, mặt số dễ nhìn, tích hợp lịch ngày.";"- Size mặt đồng hồ: 45mm
- Chất liệu dây: dây da
- Khả năng chống nước: 10ATM
";"- Đối tượng sử dụng: Nam giới
- Mục đích: Đi làm, đi chơi
- Phong cách: Thể thao";12 tháng;COD và ví điện tử MOMO;14.780.000;NULL;"- Sản phẩm còn nguyên vẹn, chưa qua sử dụng. 
- Tem, mác, seal, nắp lưng, dây đồng hồ còn nguyên vẹn. 
- Đầy đủ phụ kiện: hộp, túi, thẻ bảo hành, sách hướng dẫn, hoá đơn. 
- Lỗi kỹ thuật từ nhà sản xuất (nếu đổi/trả do lỗi). 
- Thời gian đổi trả từ 3 - 7 ngày kể từ ngày nhận hàng";"- Sản phẩm có ship toàn quốc. 
-Thời gian nhận hàng từ 3 - 5 ngày (tùy khu vực). 
-Có hỗ trợ xem hàng trước khi thanh toán"
2;Đồng Hồ Nam Casio AE-1200WHD-1AVDF;Casio;Đồng hồ nam;42;https://cdn.tgdd.vn/Products/Images/7264/199485/casio-ae-1200whd-1avdf-bac-up-1-750x500.jpg;Hiển thị;"Đồng hồ nam Casio AE-1200WHD-1AVDF sở hữu mặt vuông thể thao, màn hình điện tử sắc nét và dây đeo kim loại bền bỉ. Thiết kế mạnh mẽ, phù hợp cho nam giới năng động.";"- Size mặt đồng hồ: 45mm
- Chất liệu dây: dây da
- Khả năng chống nước: 10ATM
";"- Đối tượng sử dụng: Nam giới
- Mục đích: Đi làm, đi chơi
- Phong cách: Thể thao";12 tháng;COD và ví điện tử MOMO;1.506.000;1.325.280;"- Sản phẩm còn nguyên vẹn, chưa qua sử dụng. 
- Tem, mác, seal, nắp lưng, dây đồng hồ còn nguyên vẹn. 
- Đầy đủ phụ kiện: hộp, túi, thẻ bảo hành, sách hướng dẫn, hoá đơn. 
- Lỗi kỹ thuật từ nhà sản xuất (nếu đổi/trả do lỗi). 
- Thời gian đổi trả từ 3 - 7 ngày kể từ ngày nhận hàng";"- Sản phẩm có ship toàn quốc. 
-Thời gian nhận hàng từ 3 - 5 ngày (tùy khu vực). 
-Có hỗ trợ xem hàng trước khi thanh toán"
3;Đồng Hồ Nam Casio MTP-VT01L-1BUDF;Casio;Đồng hồ nam;37;https://image.donghohaitrieu.com/wp-content/uploads/2023/09/80_MTP-VT01L-1BUDF.jpg;Hiển thị;"Đồng hồ nam Casio MTP-VT01L-1BUDF với phần dây da tone đen tạo hình vân cá sấu, kết hợp với các chi tiết vỏ máy mạ bạc và kiểu thiết kế mỏng độ dày chỉ 8mm. Với thiết kế đơn giản nhưng đầy phong cách, mẫu đồng hồ này trở thành một lựa chọn tuyệt vời cho những quý ông yêu thích phong cách thanh lịch.";"- Size mặt đồng hồ: 45mm
- Chất liệu dây: dây da
- Khả năng chống nước: 10ATM
";"- Đối tượng sử dụng: Nam giới
- Mục đích: Đi làm, đi chơi
- Phong cách: Thể thao";12 tháng;COD và ví điện tử MOMO;1.182.000;NULL;"- Sản phẩm còn nguyên vẹn, chưa qua sử dụng. 
- Tem, mác, seal, nắp lưng, dây đồng hồ còn nguyên vẹn. 
- Đầy đủ phụ kiện: hộp, túi, thẻ bảo hành, sách hướng dẫn, hoá đơn. 
- Lỗi kỹ thuật từ nhà sản xuất (nếu đổi/trả do lỗi). 
- Thời gian đổi trả từ 3 - 7 ngày kể từ ngày nhận hàng";"- Sản phẩm có ship toàn quốc. 
-Thời gian nhận hàng từ 3 - 5 ngày (tùy khu vực). 
-Có hỗ trợ xem hàng trước khi thanh toán"
4;Đồng Hồ Nam Seiko Presage Cocktail Grasshopper SSA441J1;Seiko;Đồng hồ nam;48;https://image.donghohaitrieu.com/wp-content/uploads/2023/09/SSA441J1.jpg;Hiển thị;"Seiko Presage Cocktail Grasshopper SSA441J1 là mẫu đồng hồ sang trọng đáng sở hữu bởi: Thiết kế Open Heart (Trải nghiệm chuyển động cơ học đẳng cấp) – Bộ máy in-house 4R38 ổn định, chính xác cao – Màu sắc xanh lá (Grasshopper Cocktail).";"- Size mặt đồng hồ: 45mm
- Chất liệu dây: dây da
- Khả năng chống nước: 10ATM
";"- Đối tượng sử dụng: Nam giới
- Mục đích: Đi làm, đi chơi
- Phong cách: Thể thao";12 tháng;COD và ví điện tử MOMO;2.343.400;NULL;"- Sản phẩm còn nguyên vẹn, chưa qua sử dụng. 
- Tem, mác, seal, nắp lưng, dây đồng hồ còn nguyên vẹn. 
- Đầy đủ phụ kiện: hộp, túi, thẻ bảo hành, sách hướng dẫn, hoá đơn. 
- Lỗi kỹ thuật từ nhà sản xuất (nếu đổi/trả do lỗi). 
- Thời gian đổi trả từ 3 - 7 ngày kể từ ngày nhận hàng";"- Sản phẩm có ship toàn quốc. 
-Thời gian nhận hàng từ 3 - 5 ngày (tùy khu vực). 
-Có hỗ trợ xem hàng trước khi thanh toán"
5;Đồng Hồ Nam Seiko 5 Sports SSK045K1;Seiko;Đồng hồ nam;40;https://image.donghohaitrieu.com/wp-content/uploads/2025/04/3-seiko-5-sports-ssk045k1.jpg;Hiển thị;"Seiko 5 Sports GMT SSK045K1 lấy cảm hứng từ những chiếc xe đua cổ điển. Đặc trưng bởi mặt số xanh dương sunburst, bộ máy automatic mạnh mẽ và độ chính xác cao. Phong cách thể thao sang trọng thời thượng mới.";"- Size mặt đồng hồ: 45mm
- Chất liệu dây: dây da
- Khả năng chống nước: 10ATM
";"- Đối tượng sử dụng: Nam giới
- Mục đích: Đi làm, đi chơi
- Phong cách: Thể thao";12 tháng;COD và ví điện tử MOMO;14.884.000;12.651.400;"- Sản phẩm còn nguyên vẹn, chưa qua sử dụng. 
- Tem, mác, seal, nắp lưng, dây đồng hồ còn nguyên vẹn. 
- Đầy đủ phụ kiện: hộp, túi, thẻ bảo hành, sách hướng dẫn, hoá đơn. 
- Lỗi kỹ thuật từ nhà sản xuất (nếu đổi/trả do lỗi). 
- Thời gian đổi trả từ 3 - 7 ngày kể từ ngày nhận hàng";"- Sản phẩm có ship toàn quốc. 
-Thời gian nhận hàng từ 3 - 5 ngày (tùy khu vực). 
-Có hỗ trợ xem hàng trước khi thanh toán"
6;Đồng Hồ Nam Seiko Presage Style 60's SSA425J1;Seiko;Đồng hồ nam;50;https://image.donghohaitrieu.com/wp-content/uploads/2023/09/SSA425J1.jpg;Hiển thị;"Seiko SSA425J1, đồng hồ cơ Nhật Bản sang trọng lấy cảm hứng từ phong cách cổ điển thập niên 60. Trang bị máy 4R39 độc quyền cho thời gian trữ cót 41 giờ.";"- Size mặt đồng hồ: 45mm
- Chất liệu dây: dây da
- Khả năng chống nước: 10ATM
";"- Đối tượng sử dụng: Nam giới
- Mục đích: Đi làm, đi chơi
- Phong cách: Thể thao";12 tháng;COD và ví điện tử MOMO;17.970.000;14.376.000;"- Sản phẩm còn nguyên vẹn, chưa qua sử dụng. 
- Tem, mác, seal, nắp lưng, dây đồng hồ còn nguyên vẹn. 
- Đầy đủ phụ kiện: hộp, túi, thẻ bảo hành, sách hướng dẫn, hoá đơn. 
- Lỗi kỹ thuật từ nhà sản xuất (nếu đổi/trả do lỗi). 
- Thời gian đổi trả từ 3 - 7 ngày kể từ ngày nhận hàng";"- Sản phẩm có ship toàn quốc. 
-Thời gian nhận hàng từ 3 - 5 ngày (tùy khu vực). 
-Có hỗ trợ xem hàng trước khi thanh toán"
7;Đồng Hồ Nam Seiko SNZG15K1;Seiko;Đồng hồ nam;9;https://xwatch.vn/images/products/2020/04/28/large/dong-ho-seiko-snzg15k1-1_1588064606.jpg;Hiển thị;"Mẫu Seiko SNZG15K1 là phiên bản thuộc dòng Seiko 5 với dây vải, kết hợp cùng phần vỏ máy cơ được thiết kế dày dặn và khả năng chống nước lên đến 10ATM. Kim chỉ và cọc vạch số được phủ dạ quang, giúp dễ dàng nhìn rõ trên mặt số của đồng hồ.";"- Size mặt đồng hồ: 45mm
- Chất liệu dây: dây da
- Khả năng chống nước: 10ATM
";"- Đối tượng sử dụng: Nam giới
- Mục đích: Đi làm, đi chơi
- Phong cách: Thể thao";12 tháng;COD và ví điện tử MOMO;6.640.000;4.648.000;"- Sản phẩm còn nguyên vẹn, chưa qua sử dụng. 
- Tem, mác, seal, nắp lưng, dây đồng hồ còn nguyên vẹn. 
- Đầy đủ phụ kiện: hộp, túi, thẻ bảo hành, sách hướng dẫn, hoá đơn. 
- Lỗi kỹ thuật từ nhà sản xuất (nếu đổi/trả do lỗi). 
- Thời gian đổi trả từ 3 - 7 ngày kể từ ngày nhận hàng";"- Sản phẩm có ship toàn quốc. 
-Thời gian nhận hàng từ 3 - 5 ngày (tùy khu vực). 
-Có hỗ trợ xem hàng trước khi thanh toán"
8;Đồng Hồ Nam Seiko SSB205P1;Seiko;Đồng hồ nam;30;https://xshipimage.s3-ap-southeast-1.amazonaws.com/Seiko/SSB205P1/SSB205P1.jpg;Hiển thị;"Đồng hồ Seiko SSB205P1 dành cho nam có kiểu dáng thể thao và vỏ máy bằng thép không gỉ màu bạc sang trọng. Nó đi kèm với 3 ô phụ và chức năng Chronograph, đồng hồ nam tính này còn có dây đeo kim loại mang đến phong cách mạnh mẽ và nam tính.";"- Size mặt đồng hồ: 45mm
- Chất liệu dây: dây da
- Khả năng chống nước: 10ATM
";"- Đối tượng sử dụng: Nam giới
- Mục đích: Đi làm, đi chơi
- Phong cách: Thể thao";12 tháng;COD và ví điện tử MOMO;5.510.000;NULL;"- Sản phẩm còn nguyên vẹn, chưa qua sử dụng. 
- Tem, mác, seal, nắp lưng, dây đồng hồ còn nguyên vẹn. 
- Đầy đủ phụ kiện: hộp, túi, thẻ bảo hành, sách hướng dẫn, hoá đơn. 
- Lỗi kỹ thuật từ nhà sản xuất (nếu đổi/trả do lỗi). 
- Thời gian đổi trả từ 3 - 7 ngày kể từ ngày nhận hàng";"- Sản phẩm có ship toàn quốc. 
-Thời gian nhận hàng từ 3 - 5 ngày (tùy khu vực). 
-Có hỗ trợ xem hàng trước khi thanh toán"
9;Đồng Hồ Nam Orient Bambino Sun & Moon RA-AK0806L30B;Orient ;Đồng hồ nam;32;https://image.donghohaitrieu.com/wp-content/uploads/2025/03/Orient-RA-AK0806L-3.jpg;Hiển thị;Đồng hồ nam Orient Bambino Sun And Moon RA-AK0806L30B ra mắt năm 2025 nằm trong BST 75th Anniversary Day/Night editions. Đĩa xoay mặt trời – mặt trăng độc đáo liên tưởng đến thiết kế nổi tiếng của hãng. Vẻ ngoài thanh lịch kết hợp bộ máy cơ uy tín của hãng.;"- Size mặt đồng hồ: 45mm
- Chất liệu dây: dây da
- Khả năng chống nước: 10ATM
";"- Đối tượng sử dụng: Nam giới
- Mục đích: Đi làm, đi chơi
- Phong cách: Thể thao";12 tháng;COD và ví điện tử MOMO;11.510.000;8.862.700;"- Sản phẩm còn nguyên vẹn, chưa qua sử dụng. 
- Tem, mác, seal, nắp lưng, dây đồng hồ còn nguyên vẹn. 
- Đầy đủ phụ kiện: hộp, túi, thẻ bảo hành, sách hướng dẫn, hoá đơn. 
- Lỗi kỹ thuật từ nhà sản xuất (nếu đổi/trả do lỗi). 
- Thời gian đổi trả từ 3 - 7 ngày kể từ ngày nhận hàng";"- Sản phẩm có ship toàn quốc. 
-Thời gian nhận hàng từ 3 - 5 ngày (tùy khu vực). 
-Có hỗ trợ xem hàng trước khi thanh toán"
10;Đồng Hồ Nam Orient Star Layered Skeleton RE-AV0B01S00B;Orient ;Đồng hồ nam;9;https://image.donghohaitrieu.com/wp-content/uploads/2024/10/Orient-Star-RE-AV0B01S00B.jpg;Hiển thị;"Lấy cảm hứng từ các lớp vải xếp chồng lên nhau trong may đo Veston hiện đại, Orient Star RE-AV0B01S00B hoàn thiện mặt số theo dạng xếp lớp 2 Layer Skeleton độc đáo, kim nung xanh cùng thang đo dự trữ năng lượng hữu ích cho người dùng.";"- Size mặt đồng hồ: 45mm
- Chất liệu dây: dây da
- Khả năng chống nước: 10ATM
";"- Đối tượng sử dụng: Nam giới
- Mục đích: Đi làm, đi chơi
- Phong cách: Thể thao";12 tháng;COD và ví điện tử MOMO;27.930.000;NULL;"- Sản phẩm còn nguyên vẹn, chưa qua sử dụng. 
- Tem, mác, seal, nắp lưng, dây đồng hồ còn nguyên vẹn. 
- Đầy đủ phụ kiện: hộp, túi, thẻ bảo hành, sách hướng dẫn, hoá đơn. 
- Lỗi kỹ thuật từ nhà sản xuất (nếu đổi/trả do lỗi). 
- Thời gian đổi trả từ 3 - 7 ngày kể từ ngày nhận hàng";"- Sản phẩm có ship toàn quốc. 
-Thời gian nhận hàng từ 3 - 5 ngày (tùy khu vực). 
-Có hỗ trợ xem hàng trước khi thanh toán"
11;Đồng Hồ Nam Orient RA-AR0003L10B;Orient ;Đồng hồ nam;23;https://cdn.tgdd.vn/Products/Images/7264/202689/orient-ra-ar0003l10b-nam-co-tu-dong-5-1-750x500.jpg;Hiển thị;"Chiếc đồng hồ nam Orient RA-AR003L10B mang thiết kế thanh lịch, mặt số màu xanh độc đáo cùng chất lượng bền bỉ, chắc chắn sẽ khiến phái mạnh không khỏi ao ước được sở hữu.";"- Size mặt đồng hồ: 45mm
- Chất liệu dây: dây da
- Khả năng chống nước: 10ATM
";"- Đối tượng sử dụng: Nam giới
- Mục đích: Đi làm, đi chơi
- Phong cách: Thể thao";12 tháng;COD và ví điện tử MOMO;10.400.000;NULL;"- Sản phẩm còn nguyên vẹn, chưa qua sử dụng. 
- Tem, mác, seal, nắp lưng, dây đồng hồ còn nguyên vẹn. 
- Đầy đủ phụ kiện: hộp, túi, thẻ bảo hành, sách hướng dẫn, hoá đơn. 
- Lỗi kỹ thuật từ nhà sản xuất (nếu đổi/trả do lỗi). 
- Thời gian đổi trả từ 3 - 7 ngày kể từ ngày nhận hàng";"- Sản phẩm có ship toàn quốc. 
-Thời gian nhận hàng từ 3 - 5 ngày (tùy khu vực). 
-Có hỗ trợ xem hàng trước khi thanh toán"
12;Đồng Hồ Nam Orient Vietnam Special Edition RA-AS0106L30B;Orient ;Đồng hồ nam;25;https://cdnv2.tgdd.vn/mwg-static/tgdd/Products/Images/7264/332552/orient-ra-as0106l30b-nam-1-638684901280757694-750x500.jpg;Hiển thị;"Đồng hồ Orient Vietnam Special Edition 41.5 mm Nam RA-AS0106L30B là một sản phẩm mang trong mình tinh thần tự hào dân tộc với thiết kế đậm chất cổ điển, sang trọng. Mẫu đồng hồ này được phát triển dựa trên dòng Classic Semi Skeleton - một trong những bộ sưu tập ăn khách nhất của Orient Star.";"- Size mặt đồng hồ: 45mm
- Chất liệu dây: dây da
- Khả năng chống nước: 10ATM
";"- Đối tượng sử dụng: Nam giới
- Mục đích: Đi làm, đi chơi
- Phong cách: Thể thao";12 tháng;COD và ví điện tử MOMO;16.000.000;12.640.000;"- Sản phẩm còn nguyên vẹn, chưa qua sử dụng. 
- Tem, mác, seal, nắp lưng, dây đồng hồ còn nguyên vẹn. 
- Đầy đủ phụ kiện: hộp, túi, thẻ bảo hành, sách hướng dẫn, hoá đơn. 
- Lỗi kỹ thuật từ nhà sản xuất (nếu đổi/trả do lỗi). 
- Thời gian đổi trả từ 3 - 7 ngày kể từ ngày nhận hàng";"- Sản phẩm có ship toàn quốc. 
-Thời gian nhận hàng từ 3 - 5 ngày (tùy khu vực). 
-Có hỗ trợ xem hàng trước khi thanh toán"
13;Đồng Hồ Nam Orient Contemporary 40 mm RA-TX0302S10B;Orient ;Đồng hồ nam;28;https://cdnv2.tgdd.vn/mwg-static/tgdd/Products/Images/7264/331121/orient-ra-tx0302s10b-nam-1-638654688640004251-750x500.jpg;Hiển thị;"Đồng hồ Orient Contemporary 40 mm Nam RA-TX0302S10B là một biểu tượng của sự tinh tế và hiện đại, mang đến phong cách lịch lãm cho những quý ông yêu thích sự sang trọng. Với thiết kế kết hợp giữa hai tông màu bạc và vàng kim, chiếc đồng hồ này không chỉ thể hiện sự đẳng cấp mà còn tạo điểm nhấn đầy cuốn hút trên cổ tay người đeo.";"- Size mặt đồng hồ: 45mm
- Chất liệu dây: dây da
- Khả năng chống nước: 10ATM
";"- Đối tượng sử dụng: Nam giới
- Mục đích: Đi làm, đi chơi
- Phong cách: Thể thao";12 tháng;COD và ví điện tử MOMO;9.400.000;8.460.000;"- Sản phẩm còn nguyên vẹn, chưa qua sử dụng. 
- Tem, mác, seal, nắp lưng, dây đồng hồ còn nguyên vẹn. 
- Đầy đủ phụ kiện: hộp, túi, thẻ bảo hành, sách hướng dẫn, hoá đơn. 
- Lỗi kỹ thuật từ nhà sản xuất (nếu đổi/trả do lỗi). 
- Thời gian đổi trả từ 3 - 7 ngày kể từ ngày nhận hàng";"- Sản phẩm có ship toàn quốc. 
-Thời gian nhận hàng từ 3 - 5 ngày (tùy khu vực). 
-Có hỗ trợ xem hàng trước khi thanh toán"
14;Đồng Hồ Nam Citizen NH9130-84L;Citizen;Đồng hồ nam;48;https://image.donghohaitrieu.com/wp-content/uploads/2023/09/NH9130-84L.jpg;Hiển thị;"Đồng hồ nam Citizen NH9130-84L thiết kế Open heart cùng họa tiết Guilloche hoàn toàn mới mang đến diện mạo nam tính, lịch lãm. Trang bị bộ máy cơ Japan Movt trữ cót 40 giờ, tự động lên cót khi đeo liên tục mỗi ngày.";"- Size mặt đồng hồ: 45mm
- Chất liệu dây: dây da
- Khả năng chống nước: 10ATM
";"- Đối tượng sử dụng: Nam giới
- Mục đích: Đi làm, đi chơi
- Phong cách: Thể thao";12 tháng;COD và ví điện tử MOMO;10.585.000;NULL;"- Sản phẩm còn nguyên vẹn, chưa qua sử dụng. 
- Tem, mác, seal, nắp lưng, dây đồng hồ còn nguyên vẹn. 
- Đầy đủ phụ kiện: hộp, túi, thẻ bảo hành, sách hướng dẫn, hoá đơn. 
- Lỗi kỹ thuật từ nhà sản xuất (nếu đổi/trả do lỗi). 
- Thời gian đổi trả từ 3 - 7 ngày kể từ ngày nhận hàng";"- Sản phẩm có ship toàn quốc. 
-Thời gian nhận hàng từ 3 - 5 ngày (tùy khu vực). 
-Có hỗ trợ xem hàng trước khi thanh toán"
15;Đồng Hồ Nam Citizen Sport Chronograph AN8210-56E;Citizen;Đồng hồ nam;25;https://image.donghohaitrieu.com/wp-content/uploads/2025/11/dong-ho-Citizen-Chronograph-AN8210-56E-1.jpg;Hiển thị;"Đồng hồ nam Citizen Chronograph AN8210-56E phiên bản đồng hồ thể thao mặt đen 6 kim độc đáo. Trang bị chức năng hữu ích như Chronograph, hiển thị 24 giờ và lịch ngày. Độ chính xác cao từ bộ máy quartz Nhật Bản.";"- Size mặt đồng hồ: 45mm
- Chất liệu dây: dây da
- Khả năng chống nước: 10ATM
";"- Đối tượng sử dụng: Nam giới
- Mục đích: Đi làm, đi chơi
- Phong cách: Thể thao";12 tháng;COD và ví điện tử MOMO;5.585.000;NULL;"- Sản phẩm còn nguyên vẹn, chưa qua sử dụng. 
- Tem, mác, seal, nắp lưng, dây đồng hồ còn nguyên vẹn. 
- Đầy đủ phụ kiện: hộp, túi, thẻ bảo hành, sách hướng dẫn, hoá đơn. 
- Lỗi kỹ thuật từ nhà sản xuất (nếu đổi/trả do lỗi). 
- Thời gian đổi trả từ 3 - 7 ngày kể từ ngày nhận hàng";"- Sản phẩm có ship toàn quốc. 
-Thời gian nhận hàng từ 3 - 5 ngày (tùy khu vực). 
-Có hỗ trợ xem hàng trước khi thanh toán"
16;Đồng Hồ Nam Citizen BI5124-50L;Citizen;Đồng hồ nam;19;https://cdnv2.tgdd.vn/mwg-static/tgdd/Products/Images/7264/333114/citizen-bi5124-50l-nam-1-638702014050674289-750x500.jpg;Hiển thị;"Đồng hồ Citizen 40 mm Nam BI5124-50L là mẫu đồng hồ nam được thiết kế với phong cách cổ điển và sang trọng, phù hợp để mang khi đi làm, đi chơi hoặc các buổi tiệc cần sự chỉn chu.";"- Size mặt đồng hồ: 45mm
- Chất liệu dây: dây da
- Khả năng chống nước: 10ATM
";"- Đối tượng sử dụng: Nam giới
- Mục đích: Đi làm, đi chơi
- Phong cách: Thể thao";12 tháng;COD và ví điện tử MOMO;4.585.000;3.576.300;"- Sản phẩm còn nguyên vẹn, chưa qua sử dụng. 
- Tem, mác, seal, nắp lưng, dây đồng hồ còn nguyên vẹn. 
- Đầy đủ phụ kiện: hộp, túi, thẻ bảo hành, sách hướng dẫn, hoá đơn. 
- Lỗi kỹ thuật từ nhà sản xuất (nếu đổi/trả do lỗi). 
- Thời gian đổi trả từ 3 - 7 ngày kể từ ngày nhận hàng";"- Sản phẩm có ship toàn quốc. 
-Thời gian nhận hàng từ 3 - 5 ngày (tùy khu vực). 
-Có hỗ trợ xem hàng trước khi thanh toán"
17;Đồng Hồ Nữ Casio LTP-V006L-4BUDF;Casio;Đồng hồ nữ;18;https://image.donghohaitrieu.com/wp-content/uploads/2023/09/45_LTP-V006L-4BUDF.jpg;Hiển thị;"Mẫu Casio LTP-V006L-4BUDF mặt số tròn nhỏ nữ tính size 25mm thiết kế đơn giản trẻ trung chức năng 3 kim, phối cùng bộ dây da phiên bản da trơn phối tone màu hồng.";"- Size mặt đồng hồ: 45mm
- Chất liệu dây: dây da
- Khả năng chống nước: 10ATM
";"- Đối tượng sử dụng: Nam giới
- Mục đích: Đi làm, đi chơi
- Phong cách: Thể thao";12 tháng;COD và ví điện tử MOMO;1.050.000;913.500;"- Sản phẩm còn nguyên vẹn, chưa qua sử dụng. 
- Tem, mác, seal, nắp lưng, dây đồng hồ còn nguyên vẹn. 
- Đầy đủ phụ kiện: hộp, túi, thẻ bảo hành, sách hướng dẫn, hoá đơn. 
- Lỗi kỹ thuật từ nhà sản xuất (nếu đổi/trả do lỗi). 
- Thời gian đổi trả từ 3 - 7 ngày kể từ ngày nhận hàng";"- Sản phẩm có ship toàn quốc. 
-Thời gian nhận hàng từ 3 - 5 ngày (tùy khu vực). 
-Có hỗ trợ xem hàng trước khi thanh toán"
18;Đồng Hồ Nữ Casio LTP-VT02D-1AUDF;Casio;Đồng hồ nữ;5;https://image.donghohaitrieu.com/wp-content/uploads/2023/09/LTP-VT02D-1AUDF.jpg;Hiển thị;Mẫu Casio LTP-VT02D-1AUDF thiết kế mỏng thời trang trên phần vỏ máy pin chỉ dày 7mm cùng với kiểu dáng đơn giản chức năng 3 kim trên nền mặt số kích thước 30mm.;"- Size mặt đồng hồ: 45mm
- Chất liệu dây: dây da
- Khả năng chống nước: 10ATM
";"- Đối tượng sử dụng: Nam giới
- Mục đích: Đi làm, đi chơi
- Phong cách: Thể thao";12 tháng;COD và ví điện tử MOMO;1.386.000;1.025.640;"- Sản phẩm còn nguyên vẹn, chưa qua sử dụng. 
- Tem, mác, seal, nắp lưng, dây đồng hồ còn nguyên vẹn. 
- Đầy đủ phụ kiện: hộp, túi, thẻ bảo hành, sách hướng dẫn, hoá đơn. 
- Lỗi kỹ thuật từ nhà sản xuất (nếu đổi/trả do lỗi). 
- Thời gian đổi trả từ 3 - 7 ngày kể từ ngày nhận hàng";"- Sản phẩm có ship toàn quốc. 
-Thời gian nhận hàng từ 3 - 5 ngày (tùy khu vực). 
-Có hỗ trợ xem hàng trước khi thanh toán"
19;Đồng Hồ Nữ Casio LTP-V300L-1AUDF;Casio;Đồng hồ nữ;20;https://cdn.tgdd.vn/Products/Images/7264/208631/casio-ltp-v300l-1audf-nu-2-750x500.jpg;Hiển thị;"Đồng hồ Casio LTP-V300L-1AUDF có thiết kế độc đáo với mặt số tròn lớn, được trang bị các chức năng hiển thị lịch riêng biệt tại vị trí 3 giờ, tạo nên kiểu dáng đồng hồ 6 kim thời trang và tiện ích cho người dùng.";"- Size mặt đồng hồ: 45mm
- Chất liệu dây: dây da
- Khả năng chống nước: 10ATM
";"- Đối tượng sử dụng: Nam giới
- Mục đích: Đi làm, đi chơi
- Phong cách: Thể thao";12 tháng;COD và ví điện tử MOMO;1.752.000;NULL;"- Sản phẩm còn nguyên vẹn, chưa qua sử dụng. 
- Tem, mác, seal, nắp lưng, dây đồng hồ còn nguyên vẹn. 
- Đầy đủ phụ kiện: hộp, túi, thẻ bảo hành, sách hướng dẫn, hoá đơn. 
- Lỗi kỹ thuật từ nhà sản xuất (nếu đổi/trả do lỗi). 
- Thời gian đổi trả từ 3 - 7 ngày kể từ ngày nhận hàng";"- Sản phẩm có ship toàn quốc. 
-Thời gian nhận hàng từ 3 - 5 ngày (tùy khu vực). 
-Có hỗ trợ xem hàng trước khi thanh toán"
20;Đồng Hồ Nữ Casio LTP-1303D-7AVDF;Casio;Đồng hồ nữ;14;https://image.donghohaitrieu.com/wp-content/uploads/2023/09/LTP-1303D-7AVDF.jpg;Hiển thị;"Đồng hồ Casio LTP-1303D-7AVDF là một mẫu đồng hồ nữ với thiết kế tinh tế. Mặt số có nền trắng, được trang trí bằng các vạch đơn giản và 3 kim chỉ giờ, tạo nên đẹp thanh lịch và trang nhã. Vỏ đồng hồ được làm bằng chất liệu thép không gỉ cao cấp, đảm bảo độ bền và độ bóng bền vững với thời gian.";"- Size mặt đồng hồ: 45mm
- Chất liệu dây: dây da
- Khả năng chống nước: 10ATM
";"- Đối tượng sử dụng: Nam giới
- Mục đích: Đi làm, đi chơi
- Phong cách: Thể thao";12 tháng;COD và ví điện tử MOMO;1.356.000;NULL;"- Sản phẩm còn nguyên vẹn, chưa qua sử dụng. 
- Tem, mác, seal, nắp lưng, dây đồng hồ còn nguyên vẹn. 
- Đầy đủ phụ kiện: hộp, túi, thẻ bảo hành, sách hướng dẫn, hoá đơn. 
- Lỗi kỹ thuật từ nhà sản xuất (nếu đổi/trả do lỗi). 
- Thời gian đổi trả từ 3 - 7 ngày kể từ ngày nhận hàng";"- Sản phẩm có ship toàn quốc. 
-Thời gian nhận hàng từ 3 - 5 ngày (tùy khu vực). 
-Có hỗ trợ xem hàng trước khi thanh toán"
21;Đồng Hồ Nữ Seiko SUR785P1;Seiko;Đồng hồ nữ;27;https://image.donghohaitrieu.com/wp-content/uploads/2023/09/SUR785P1.jpg;Hiển thị;"Seiko SUR785P1 là một mẫu đồng hồ thời trang dành cho nữ với mặt số tròn nhỏ nhắn. Vỏ và dây đeo được làm từ kim loại mạ bạc, tạo nên vẻ đẹp sang trọng. Kim chỉ và vạch số mỏng tinh tế nổi bật trên nền số màu đen, tạo ra một sự hấp dẫn quyến rũ.";"- Size mặt đồng hồ: 45mm
- Chất liệu dây: dây da
- Khả năng chống nước: 10ATM
";"- Đối tượng sử dụng: Nam giới
- Mục đích: Đi làm, đi chơi
- Phong cách: Thể thao";12 tháng;COD và ví điện tử MOMO;3.690.000;NULL;"- Sản phẩm còn nguyên vẹn, chưa qua sử dụng. 
- Tem, mác, seal, nắp lưng, dây đồng hồ còn nguyên vẹn. 
- Đầy đủ phụ kiện: hộp, túi, thẻ bảo hành, sách hướng dẫn, hoá đơn. 
- Lỗi kỹ thuật từ nhà sản xuất (nếu đổi/trả do lỗi). 
- Thời gian đổi trả từ 3 - 7 ngày kể từ ngày nhận hàng";"- Sản phẩm có ship toàn quốc. 
-Thời gian nhận hàng từ 3 - 5 ngày (tùy khu vực). 
-Có hỗ trợ xem hàng trước khi thanh toán"
22;Đồng Hồ Nữ Seiko SUP304P1;Seiko;Đồng hồ nữ;29;https://image.donghohaitrieu.com/wp-content/uploads/2023/09/SUP304P1-1.jpg;Hiển thị;Đồng hồ Seiko SUP304P1 là một chiếc đồng hồ nữ đẳng cấp với mặt số tròn nhỏ nhắn. Kim chỉ và các vạch số La Mã được phủ màu đen tạo điểm nhấn rất nổi bật trên nền số màu trắng trang nhã. Dây đeo bằng chất liệu da màu đen có vân giúp tạo nên một phong cách thanh lịch và quyến rũ cho phái nữ.;"- Size mặt đồng hồ: 45mm
- Chất liệu dây: dây da
- Khả năng chống nước: 10ATM
";"- Đối tượng sử dụng: Nam giới
- Mục đích: Đi làm, đi chơi
- Phong cách: Thể thao";12 tháng;COD và ví điện tử MOMO;3.930.000;3.261.900;"- Sản phẩm còn nguyên vẹn, chưa qua sử dụng. 
- Tem, mác, seal, nắp lưng, dây đồng hồ còn nguyên vẹn. 
- Đầy đủ phụ kiện: hộp, túi, thẻ bảo hành, sách hướng dẫn, hoá đơn. 
- Lỗi kỹ thuật từ nhà sản xuất (nếu đổi/trả do lỗi). 
- Thời gian đổi trả từ 3 - 7 ngày kể từ ngày nhận hàng";"- Sản phẩm có ship toàn quốc. 
-Thời gian nhận hàng từ 3 - 5 ngày (tùy khu vực). 
-Có hỗ trợ xem hàng trước khi thanh toán"
23;Đồng Hồ Nữ Citizen EM0505-88L;Citizen;Đồng hồ nữ;9;https://image.donghohaitrieu.com/wp-content/uploads/2025/11/dong-ho-Citizen-L-EM0505-88L-1.jpg;Hiển thị;"Mẫu đồng hồ Citizen EM0505-88L tạo điểm nhấn nổi bật với vỏ máy cùng dây đeo mạ màu đen thời trang, sang trọng cho các phái nữ. Trang bị bộ máy công nghệ Eco-Drive năng lượng ánh sáng, loại bỏ việc phải thay pin định kỳ.";"- Size mặt đồng hồ: 45mm
- Chất liệu dây: dây da
- Khả năng chống nước: 10ATM
";"- Đối tượng sử dụng: Nam giới
- Mục đích: Đi làm, đi chơi
- Phong cách: Thể thao";12 tháng;COD và ví điện tử MOMO;7.485.000;6.661.650;"- Sản phẩm còn nguyên vẹn, chưa qua sử dụng. 
- Tem, mác, seal, nắp lưng, dây đồng hồ còn nguyên vẹn. 
- Đầy đủ phụ kiện: hộp, túi, thẻ bảo hành, sách hướng dẫn, hoá đơn. 
- Lỗi kỹ thuật từ nhà sản xuất (nếu đổi/trả do lỗi). 
- Thời gian đổi trả từ 3 - 7 ngày kể từ ngày nhận hàng";"- Sản phẩm có ship toàn quốc. 
-Thời gian nhận hàng từ 3 - 5 ngày (tùy khu vực). 
-Có hỗ trợ xem hàng trước khi thanh toán"
24;Đồng Hồ Nữ Citizen L Round EM1060-87N;Citizen;Đồng hồ nữ;14;https://image.donghohaitrieu.com/wp-content/uploads/2025/09/dong-ho-Citizen-L-EM1060-87N-1.jpg;Hiển thị;"Đồng hồ Citizen L EM1060-87N sở hữu hữu nét đẹp thanh lịch, dây đeo kim loại bền bỉ. Mặt kính Sapphire chống trầy, khảm xà cừ thiên nhiên. Bộ kim và núm vặn màu xanh dương độc đáo.";"- Size mặt đồng hồ: 45mm
- Chất liệu dây: dây da
- Khả năng chống nước: 10ATM
";"- Đối tượng sử dụng: Nam giới
- Mục đích: Đi làm, đi chơi
- Phong cách: Thể thao";12 tháng;COD và ví điện tử MOMO;16.685.000;12.346.900;"- Sản phẩm còn nguyên vẹn, chưa qua sử dụng. 
- Tem, mác, seal, nắp lưng, dây đồng hồ còn nguyên vẹn. 
- Đầy đủ phụ kiện: hộp, túi, thẻ bảo hành, sách hướng dẫn, hoá đơn. 
- Lỗi kỹ thuật từ nhà sản xuất (nếu đổi/trả do lỗi). 
- Thời gian đổi trả từ 3 - 7 ngày kể từ ngày nhận hàng";"- Sản phẩm có ship toàn quốc. 
-Thời gian nhận hàng từ 3 - 5 ngày (tùy khu vực). 
-Có hỗ trợ xem hàng trước khi thanh toán"
25;Đồng Hồ Nữ Citizen L 32 mm EM0814-83A;Citizen;Đồng hồ nữ;23;https://cdnv2.tgdd.vn/mwg-static/tgdd/Products/Images/7264/330016/citizen-em0814-83a-nu-1-638629702702822863-750x500.jpg;Hiển thị;"CITIZEN EM0814-83A - mẫu nữ xuất xứ từ Nhật Bản, sử dụng bộ máy Eco-Drive độc quyền của hãng Citizen, chuyển hóa mọi nguồn sáng thành năng lượng, không cần thay pin thường xuyên. Vỏ và dây được làm bằng thép không gỉ 316L dạng lưới cao cấp chắc chắn, bền bỉ.";"- Size mặt đồng hồ: 45mm
- Chất liệu dây: dây da
- Khả năng chống nước: 10ATM
";"- Đối tượng sử dụng: Nam giới
- Mục đích: Đi làm, đi chơi
- Phong cách: Thể thao";12 tháng;COD và ví điện tử MOMO;8.050.000;NULL;"- Sản phẩm còn nguyên vẹn, chưa qua sử dụng. 
- Tem, mác, seal, nắp lưng, dây đồng hồ còn nguyên vẹn. 
- Đầy đủ phụ kiện: hộp, túi, thẻ bảo hành, sách hướng dẫn, hoá đơn. 
- Lỗi kỹ thuật từ nhà sản xuất (nếu đổi/trả do lỗi). 
- Thời gian đổi trả từ 3 - 7 ngày kể từ ngày nhận hàng";"- Sản phẩm có ship toàn quốc. 
-Thời gian nhận hàng từ 3 - 5 ngày (tùy khu vực). 
-Có hỗ trợ xem hàng trước khi thanh toán"
26;Đồng Hồ Nữ Orient Contemporary RA-NR2002P10B;Orient ;Đồng hồ nữ;22;https://image.donghohaitrieu.com/wp-content/uploads/2023/09/RA-NR2002P10B.jpg;Hiển thị;Mẫu Orient RA-NR2002P10B với sắc hồng pastel làm siêu lòng biết bao phái đẹp bởi sự dễ thương nhưng cũng không kém phần thanh lịch và sang trọng.;"- Size mặt đồng hồ: 45mm
- Chất liệu dây: dây da
- Khả năng chống nước: 10ATM
";"- Đối tượng sử dụng: Nam giới
- Mục đích: Đi làm, đi chơi
- Phong cách: Thể thao";12 tháng;COD và ví điện tử MOMO;7.600.000;5.928.000;"- Sản phẩm còn nguyên vẹn, chưa qua sử dụng. 
- Tem, mác, seal, nắp lưng, dây đồng hồ còn nguyên vẹn. 
- Đầy đủ phụ kiện: hộp, túi, thẻ bảo hành, sách hướng dẫn, hoá đơn. 
- Lỗi kỹ thuật từ nhà sản xuất (nếu đổi/trả do lỗi). 
- Thời gian đổi trả từ 3 - 7 ngày kể từ ngày nhận hàng";"- Sản phẩm có ship toàn quốc. 
-Thời gian nhận hàng từ 3 - 5 ngày (tùy khu vực). 
-Có hỗ trợ xem hàng trước khi thanh toán"
27;Đồng Hồ Nữ Orient Bambino RA-AC0008S10B;Orient ;Đồng hồ nữ;48;https://image.donghohaitrieu.com/wp-content/uploads/2023/09/16_RA-AC0008S10B.jpg;Hiển thị;Mẫu Orient RA-AC0008S10B vàng hồng thời trang với mẫu dây đeo demi cùng các chi tiết vạch số kim chỉ được tạo nét mỏng trẻ trung trên nền mặt trắng size 36mm.;"- Size mặt đồng hồ: 45mm
- Chất liệu dây: dây da
- Khả năng chống nước: 10ATM
";"- Đối tượng sử dụng: Nam giới
- Mục đích: Đi làm, đi chơi
- Phong cách: Thể thao";12 tháng;COD và ví điện tử MOMO;9.700.000;NULL;"- Sản phẩm còn nguyên vẹn, chưa qua sử dụng. 
- Tem, mác, seal, nắp lưng, dây đồng hồ còn nguyên vẹn. 
- Đầy đủ phụ kiện: hộp, túi, thẻ bảo hành, sách hướng dẫn, hoá đơn. 
- Lỗi kỹ thuật từ nhà sản xuất (nếu đổi/trả do lỗi). 
- Thời gian đổi trả từ 3 - 7 ngày kể từ ngày nhận hàng";"- Sản phẩm có ship toàn quốc. 
-Thời gian nhận hàng từ 3 - 5 ngày (tùy khu vực). 
-Có hỗ trợ xem hàng trước khi thanh toán"
28;Đồng Hồ Nữ Orient Vietnam Special Edition RA-AG0729S30B;Orient ;Đồng hồ nữ;26;https://cdnv2.tgdd.vn/mwg-static/dmx/Products/Images/7264/332553/orient-ra-ag0729s30b-nu-1-638684902078341204-700x467.jpg;Hiển thị;"Orient Vietnam Special Edition RA-AG0729S30B mang đến thiết kế đầy ý nghĩa với mặt số lộ cơ tinh tế tại vị trí 9 giờ. Điểm nhấn đặc biệt là con số 50 và ngôi sao vàng năm cánh ở mốc 3 giờ, biểu tượng kỷ niệm 50 năm ngày thống nhất đất nước.";"- Size mặt đồng hồ: 45mm
- Chất liệu dây: dây da
- Khả năng chống nước: 10ATM
";"- Đối tượng sử dụng: Nam giới
- Mục đích: Đi làm, đi chơi
- Phong cách: Thể thao";12 tháng;COD và ví điện tử MOMO;12.800.000;NULL;"- Sản phẩm còn nguyên vẹn, chưa qua sử dụng. 
- Tem, mác, seal, nắp lưng, dây đồng hồ còn nguyên vẹn. 
- Đầy đủ phụ kiện: hộp, túi, thẻ bảo hành, sách hướng dẫn, hoá đơn. 
- Lỗi kỹ thuật từ nhà sản xuất (nếu đổi/trả do lỗi). 
- Thời gian đổi trả từ 3 - 7 ngày kể từ ngày nhận hàng";"- Sản phẩm có ship toàn quốc. 
-Thời gian nhận hàng từ 3 - 5 ngày (tùy khu vực). 
-Có hỗ trợ xem hàng trước khi thanh toán"
29;Đồng Hồ Nữ Saga Stella Chance 53578-SVPKSV-2;Saga;Đồng hồ nữ;24;https://image.donghohaitrieu.com/wp-content/uploads/2025/02/saga-53578-svpksv-2.jpg;Hiển thị;"Saga 53578-SVPKSV-2 sở hữu thiết kế thanh lịch nhưng vẫn giữ được nét trẻ trung, mặt số hồng baby nổi bật được chải tia sunray, viền đính đá pha lê cùng bộ máy Ronda bền bỉ từ Thụy Sĩ, tôn lên sự nữ tính của các Nàng!";"- Size mặt đồng hồ: 45mm
- Chất liệu dây: dây da
- Khả năng chống nước: 10ATM
";"- Đối tượng sử dụng: Nam giới
- Mục đích: Đi làm, đi chơi
- Phong cách: Thể thao";12 tháng;COD và ví điện tử MOMO;5.340.000;NULL;"- Sản phẩm còn nguyên vẹn, chưa qua sử dụng. 
- Tem, mác, seal, nắp lưng, dây đồng hồ còn nguyên vẹn. 
- Đầy đủ phụ kiện: hộp, túi, thẻ bảo hành, sách hướng dẫn, hoá đơn. 
- Lỗi kỹ thuật từ nhà sản xuất (nếu đổi/trả do lỗi). 
- Thời gian đổi trả từ 3 - 7 ngày kể từ ngày nhận hàng";"- Sản phẩm có ship toàn quốc. 
-Thời gian nhận hàng từ 3 - 5 ngày (tùy khu vực). 
-Có hỗ trợ xem hàng trước khi thanh toán"
30;Đồng Hồ Nữ Saga 53375-SVMWBK-2;Saga;Đồng hồ nữ;19;https://image.donghohaitrieu.com/wp-content/uploads/2023/09/53375-SVMWBK-2.jpg;Hiển thị;"Mẫu Saga 53375-SVMWBK-2 với viền đồng hồ đính đá pha lê mô phỏng đóa hoa chớm nở về đêm, cùng lớp xà cừ óng ánh như mặt hồ yên ả giữa vườn xanh, tất cả tạo nên một diện mạo nên thơ và kiêu sa cho nàng.";"- Size mặt đồng hồ: 45mm
- Chất liệu dây: dây da
- Khả năng chống nước: 10ATM
";"- Đối tượng sử dụng: Nam giới
- Mục đích: Đi làm, đi chơi
- Phong cách: Thể thao";12 tháng;COD và ví điện tử MOMO;14.230.000;NULL;"- Sản phẩm còn nguyên vẹn, chưa qua sử dụng. 
- Tem, mác, seal, nắp lưng, dây đồng hồ còn nguyên vẹn. 
- Đầy đủ phụ kiện: hộp, túi, thẻ bảo hành, sách hướng dẫn, hoá đơn. 
- Lỗi kỹ thuật từ nhà sản xuất (nếu đổi/trả do lỗi). 
- Thời gian đổi trả từ 3 - 7 ngày kể từ ngày nhận hàng";"- Sản phẩm có ship toàn quốc. 
-Thời gian nhận hàng từ 3 - 5 ngày (tùy khu vực). 
-Có hỗ trợ xem hàng trước khi thanh toán"
31;Đồng Hồ Nữ Saga Triangle 80746-RGLBLB-2;Saga;Đồng hồ nữ;41;https://image.donghohaitrieu.com/wp-content/uploads/2025/10/dong-ho-Saga-80746-RGLBLB-2-1.jpg;Hiển thị;"Saga Triangle 80746-RGLBLB-2 thiết kế mặt số tam giác phá cách và bộ máy pin Ronda từ Thụy Sĩ thượng hạng, kết hợp với nghệ thuật phối màu hài hòa cùng chất liệu xà cừ thiên nhiên, đem lại diện mạo nữ tính và đài cát cho các Nàng thơ!";"- Size mặt đồng hồ: 45mm
- Chất liệu dây: dây da
- Khả năng chống nước: 10ATM
";"- Đối tượng sử dụng: Nam giới
- Mục đích: Đi làm, đi chơi
- Phong cách: Thể thao";12 tháng;COD và ví điện tử MOMO;8.670.000;6.762.600;"- Sản phẩm còn nguyên vẹn, chưa qua sử dụng. 
- Tem, mác, seal, nắp lưng, dây đồng hồ còn nguyên vẹn. 
- Đầy đủ phụ kiện: hộp, túi, thẻ bảo hành, sách hướng dẫn, hoá đơn. 
- Lỗi kỹ thuật từ nhà sản xuất (nếu đổi/trả do lỗi). 
- Thời gian đổi trả từ 3 - 7 ngày kể từ ngày nhận hàng";"- Sản phẩm có ship toàn quốc. 
-Thời gian nhận hàng từ 3 - 5 ngày (tùy khu vực). 
-Có hỗ trợ xem hàng trước khi thanh toán"
32;Đồng Hồ Đôi Casio MTP-1303SG-7AVDF – LTP-1303SG-7AVDF;Casio;Đồng hồ đôi;16;https://image.donghohaitrieu.com/wp-content/uploads/2023/09/10_MTP-1303SG-7AVDF-LTP-1303SG-7AVDF.jpg;Hiển thị;"Mẫu Casio đôi phiên bản dây đeo vàng demi thời trang, thiết kế đơn giản 3 kim với chi tiết vạch số mạ vàng sang trọng trên mặt số.";"- Size mặt đồng hồ: 45mm
- Chất liệu dây: dây da
- Khả năng chống nước: 10ATM
";"- Đối tượng sử dụng: Nam giới
- Mục đích: Đi làm, đi chơi
- Phong cách: Thể thao";12 tháng;COD và ví điện tử MOMO;2.139.000;NULL;"- Sản phẩm còn nguyên vẹn, chưa qua sử dụng. 
- Tem, mác, seal, nắp lưng, dây đồng hồ còn nguyên vẹn. 
- Đầy đủ phụ kiện: hộp, túi, thẻ bảo hành, sách hướng dẫn, hoá đơn. 
- Lỗi kỹ thuật từ nhà sản xuất (nếu đổi/trả do lỗi). 
- Thời gian đổi trả từ 3 - 7 ngày kể từ ngày nhận hàng";"- Sản phẩm có ship toàn quốc. 
-Thời gian nhận hàng từ 3 - 5 ngày (tùy khu vực). 
-Có hỗ trợ xem hàng trước khi thanh toán"
33;Đồng Hồ Đôi Casio MTP-V002GL-7B2UDF – LTP-V002GL-7B2UDF;Casio;Đồng hồ đôi;37;https://image.donghohaitrieu.com/wp-content/uploads/2023/09/16_MTP-V002GL-7B2UDF-LTP-V002GL-7B2UDF.jpg;Hiển thị;"Mẫu Casio đôi dây da tạo hình vân lịch lãm sang trọng với phần vỏ máy pin mạ vàng, thiết kế đơn giản chức năng 3 kim 1 lịch trên nền mặt số.";"- Size mặt đồng hồ: 45mm
- Chất liệu dây: dây da
- Khả năng chống nước: 10ATM
";"- Đối tượng sử dụng: Nam giới
- Mục đích: Đi làm, đi chơi
- Phong cách: Thể thao";12 tháng;COD và ví điện tử MOMO;961.000;NULL;"- Sản phẩm còn nguyên vẹn, chưa qua sử dụng. 
- Tem, mác, seal, nắp lưng, dây đồng hồ còn nguyên vẹn. 
- Đầy đủ phụ kiện: hộp, túi, thẻ bảo hành, sách hướng dẫn, hoá đơn. 
- Lỗi kỹ thuật từ nhà sản xuất (nếu đổi/trả do lỗi). 
- Thời gian đổi trả từ 3 - 7 ngày kể từ ngày nhận hàng";"- Sản phẩm có ship toàn quốc. 
-Thời gian nhận hàng từ 3 - 5 ngày (tùy khu vực). 
-Có hỗ trợ xem hàng trước khi thanh toán"
34;Đồng Hồ Đôi Seiko SRPK75J1 – SRE014J1;Seiko;Đồng hồ đôi;11;https://image.donghohaitrieu.com/wp-content/uploads/2024/06/SRPK75J1-SRE014J1.jpg;Hiển thị;"Mẫu Seiko đôi dây da phiên bản giới hạn Star Bar tái hiện hoàng hôn lãng mạn. Sử dụng bộ máy automatic bền bỉ do Seiko sản xuất cho giúp cho tình yêu đôi lứa thêm thăng hoa, bền chặt.";"- Size mặt đồng hồ: 45mm
- Chất liệu dây: dây da
- Khả năng chống nước: 10ATM
";"- Đối tượng sử dụng: Nam giới
- Mục đích: Đi làm, đi chơi
- Phong cách: Thể thao";12 tháng;COD và ví điện tử MOMO;17.063.000;15.186.070;"- Sản phẩm còn nguyên vẹn, chưa qua sử dụng. 
- Tem, mác, seal, nắp lưng, dây đồng hồ còn nguyên vẹn. 
- Đầy đủ phụ kiện: hộp, túi, thẻ bảo hành, sách hướng dẫn, hoá đơn. 
- Lỗi kỹ thuật từ nhà sản xuất (nếu đổi/trả do lỗi). 
- Thời gian đổi trả từ 3 - 7 ngày kể từ ngày nhận hàng";"- Sản phẩm có ship toàn quốc. 
-Thời gian nhận hàng từ 3 - 5 ngày (tùy khu vực). 
-Có hỗ trợ xem hàng trước khi thanh toán"
35;Đồng Hồ Đôi Seiko SUP860P1 – SUP370P1;Seiko;Đồng hồ đôi;30;https://image.donghohaitrieu.com/wp-content/uploads/2023/09/7_SUP860P1-SUP370P1.jpg;Hiển thị;"Mẫu Seiko Solar đôi nền cọc số học trò tạo hình cách điệu trẻ trung trên nền mặt số trắng, kiểu máy pin phiên bản Solar.";"- Size mặt đồng hồ: 45mm
- Chất liệu dây: dây da
- Khả năng chống nước: 10ATM
";"- Đối tượng sử dụng: Nam giới
- Mục đích: Đi làm, đi chơi
- Phong cách: Thể thao";12 tháng;COD và ví điện tử MOMO;5.020.000;NULL;"- Sản phẩm còn nguyên vẹn, chưa qua sử dụng. 
- Tem, mác, seal, nắp lưng, dây đồng hồ còn nguyên vẹn. 
- Đầy đủ phụ kiện: hộp, túi, thẻ bảo hành, sách hướng dẫn, hoá đơn. 
- Lỗi kỹ thuật từ nhà sản xuất (nếu đổi/trả do lỗi). 
- Thời gian đổi trả từ 3 - 7 ngày kể từ ngày nhận hàng";"- Sản phẩm có ship toàn quốc. 
-Thời gian nhận hàng từ 3 - 5 ngày (tùy khu vực). 
-Có hỗ trợ xem hàng trước khi thanh toán"
36;Đồng Hồ Đôi Citizen BI5072-01A – EU6092-08A;Citizen;Đồng hồ đôi;48;https://image.donghohaitrieu.com/wp-content/uploads/2023/09/21_BI5072-01A-EU6092-08A.jpg;Hiển thị;Mẫu Citizen đôi vỏ máy pin mạ vàng tone màu sang trọng không kém cạnh trẻ trung với cọc vạch số lẫn kim chỉ tạo hình mỏng.;"- Size mặt đồng hồ: 45mm
- Chất liệu dây: dây da
- Khả năng chống nước: 10ATM
";"- Đối tượng sử dụng: Nam giới
- Mục đích: Đi làm, đi chơi
- Phong cách: Thể thao";12 tháng;COD và ví điện tử MOMO;3.685.000;2.837.450;"- Sản phẩm còn nguyên vẹn, chưa qua sử dụng. 
- Tem, mác, seal, nắp lưng, dây đồng hồ còn nguyên vẹn. 
- Đầy đủ phụ kiện: hộp, túi, thẻ bảo hành, sách hướng dẫn, hoá đơn. 
- Lỗi kỹ thuật từ nhà sản xuất (nếu đổi/trả do lỗi). 
- Thời gian đổi trả từ 3 - 7 ngày kể từ ngày nhận hàng";"- Sản phẩm có ship toàn quốc. 
-Thời gian nhận hàng từ 3 - 5 ngày (tùy khu vực). 
-Có hỗ trợ xem hàng trước khi thanh toán"
37;Đồng Hồ Đôi Citizen BI5074-56A – EU6094-53A;Citizen;Đồng hồ đôi;22;https://image.donghohaitrieu.com/wp-content/uploads/2023/09/23_BI5074-56A-EU6094-53A.jpg;Hiển thị;Mẫu Citizen đôi phiên bản trẻ trung với chi tiết kim chỉ cùng cọc vạch số mỏng mạ vàng nổi bật trên nền mặt số kiểu dáng sang trọng.;"- Size mặt đồng hồ: 45mm
- Chất liệu dây: dây da
- Khả năng chống nước: 10ATM
";"- Đối tượng sử dụng: Nam giới
- Mục đích: Đi làm, đi chơi
- Phong cách: Thể thao";12 tháng;COD và ví điện tử MOMO;4.185.000;NULL;"- Sản phẩm còn nguyên vẹn, chưa qua sử dụng. 
- Tem, mác, seal, nắp lưng, dây đồng hồ còn nguyên vẹn. 
- Đầy đủ phụ kiện: hộp, túi, thẻ bảo hành, sách hướng dẫn, hoá đơn. 
- Lỗi kỹ thuật từ nhà sản xuất (nếu đổi/trả do lỗi). 
- Thời gian đổi trả từ 3 - 7 ngày kể từ ngày nhận hàng";"- Sản phẩm có ship toàn quốc. 
-Thời gian nhận hàng từ 3 - 5 ngày (tùy khu vực). 
-Có hỗ trợ xem hàng trước khi thanh toán"
38;Đồng Hồ Đôi Doxa D155RBL – D156RBL;Doxa;Đồng hồ đôi;10;https://image.donghohaitrieu.com/wp-content/uploads/2023/09/1_D155RBL-D156RBL.jpg;Hiển thị;Mẫu Doxa đôi phiên bản vỏ máy pin mạ vàng hồng tone màu thời trang cùng với thiết kế siêu mỏng chỉ 6mm.;"- Size mặt đồng hồ: 45mm
- Chất liệu dây: dây da
- Khả năng chống nước: 10ATM
";"- Đối tượng sử dụng: Nam giới
- Mục đích: Đi làm, đi chơi
- Phong cách: Thể thao";12 tháng;COD và ví điện tử MOMO;23.920.000;NULL;"- Sản phẩm còn nguyên vẹn, chưa qua sử dụng. 
- Tem, mác, seal, nắp lưng, dây đồng hồ còn nguyên vẹn. 
- Đầy đủ phụ kiện: hộp, túi, thẻ bảo hành, sách hướng dẫn, hoá đơn. 
- Lỗi kỹ thuật từ nhà sản xuất (nếu đổi/trả do lỗi). 
- Thời gian đổi trả từ 3 - 7 ngày kể từ ngày nhận hàng";"- Sản phẩm có ship toàn quốc. 
-Thời gian nhận hàng từ 3 - 5 ngày (tùy khu vực). 
-Có hỗ trợ xem hàng trước khi thanh toán"
39;Đồng Hồ Đôi Doxa D183TSV – D184TSV;Doxa;Đồng hồ đôi;40;https://image.donghohaitrieu.com/wp-content/uploads/2023/09/5_D183TSV-D184TSV.jpg;Hiển thị;"Mẫu Doxa đôi với chi tiết núm vặn cùng kim chỉ mạ vàng nổi bật, nền mặt số trắng với thiết kế họa tiết trải tia tạo nên vẻ trẻ trung.";"- Size mặt đồng hồ: 45mm
- Chất liệu dây: dây da
- Khả năng chống nước: 10ATM
";"- Đối tượng sử dụng: Nam giới
- Mục đích: Đi làm, đi chơi
- Phong cách: Thể thao";12 tháng;COD và ví điện tử MOMO;47.200.000;NULL;"- Sản phẩm còn nguyên vẹn, chưa qua sử dụng. 
- Tem, mác, seal, nắp lưng, dây đồng hồ còn nguyên vẹn. 
- Đầy đủ phụ kiện: hộp, túi, thẻ bảo hành, sách hướng dẫn, hoá đơn. 
- Lỗi kỹ thuật từ nhà sản xuất (nếu đổi/trả do lỗi). 
- Thời gian đổi trả từ 3 - 7 ngày kể từ ngày nhận hàng";"- Sản phẩm có ship toàn quốc. 
-Thời gian nhận hàng từ 3 - 5 ngày (tùy khu vực). 
-Có hỗ trợ xem hàng trước khi thanh toán"
40;Đồng Hồ Đôi Doxa D155SSV – D156SSV;Doxa;Đồng hồ đôi;12;https://image.donghohaitrieu.com/wp-content/uploads/2023/09/4_D155SSV-D156SSV.jpg;Hiển thị;"Mẫu Doxa đôi phiên bản kim giây với thiết kế không đồng trục tạo nên vẻ độc đáo trên mặt số, vỏ máy mạ bạc sang trọng kiểu máy pin mỏng chỉ 6mm.";"- Size mặt đồng hồ: 45mm
- Chất liệu dây: dây da
- Khả năng chống nước: 10ATM
";"- Đối tượng sử dụng: Nam giới
- Mục đích: Đi làm, đi chơi
- Phong cách: Thể thao";12 tháng;COD và ví điện tử MOMO;24.510.000;NULL;"- Sản phẩm còn nguyên vẹn, chưa qua sử dụng. 
- Tem, mác, seal, nắp lưng, dây đồng hồ còn nguyên vẹn. 
- Đầy đủ phụ kiện: hộp, túi, thẻ bảo hành, sách hướng dẫn, hoá đơn. 
- Lỗi kỹ thuật từ nhà sản xuất (nếu đổi/trả do lỗi). 
- Thời gian đổi trả từ 3 - 7 ngày kể từ ngày nhận hàng";"- Sản phẩm có ship toàn quốc. 
-Thời gian nhận hàng từ 3 - 5 ngày (tùy khu vực). 
-Có hỗ trợ xem hàng trước khi thanh toán"
